timestamp,type,message
2025-10-05 14:02:49,Price Drop,"Price Drop Alert ðŸš¨

Product: vivo T4x 5G (Pronto Purple, 128 GB)
Old Price: â‚¹16499.0
New Price: â‚¹13499.0
Drop: 18.18%

Check competitor site immediately."
2025-10-06 17:59:03,Price Drop,"Price Drop Alert ðŸš¨

Product: vivo T4x 5G (Pronto Purple, 128 GB)
Old Price: â‚¹16499.0
New Price: â‚¹13499.0
Drop: 18.18%

Check competitor site immediately."
2025-10-06 17:59:06,Price Drop,"Price Drop Alert ðŸš¨

Product: vivo T4 Lite 5G Charger in the Box (Titanium Gold, 128 GB)
Old Price: â‚¹12999.0
New Price: â‚¹9999.0
Drop: 23.08%

Check competitor site immediately."
2025-10-06 17:59:09,Price Drop,"Price Drop Alert ðŸš¨

Product: vivo T4 Lite 5G Charger in the Box (Titanium Gold, 128 GB)
Old Price: â‚¹12999.0
New Price: â‚¹9999.0
Drop: 23.08%

Check competitor site immediately."
2025-10-06 17:59:12,Price Drop,"Price Drop Alert ðŸš¨

Product: vivo T4 Lite 5G Charger in the Box (Titanium Gold, 128 GB)
Old Price: â‚¹12999.0
New Price: â‚¹9999.0
Drop: 23.08%

Check competitor site immediately."
2025-10-06 17:59:15,Price Drop,"Price Drop Alert ðŸš¨

Product: Samsung Galaxy S24 FE 5G (Blue, 128 GB)
Old Price: â‚¹33999.0
New Price: â‚¹29999.0
Drop: 11.77%

Check competitor site immediately."
2025-10-06 17:59:18,Price Drop,"Price Drop Alert ðŸš¨

Product: Samsung Galaxy S24 FE 5G (Blue, 128 GB)
Old Price: â‚¹33999.0
New Price: â‚¹29999.0
Drop: 11.77%

Check competitor site immediately."
2025-10-06 17:59:20,Price Drop,"Price Drop Alert ðŸš¨

Product: vivo T4R 5G (Twilight Blue, 128 GB)
Old Price: â‚¹23499.0
New Price: â‚¹19499.0
Drop: 17.02%

Check competitor site immediately."
2025-10-06 17:59:23,Price Drop,"Price Drop Alert ðŸš¨

Product: vivo T4x 5G (Pronto Purple, 128 GB)
Old Price: â‚¹16499.0
New Price: â‚¹13499.0
Drop: 18.18%

Check competitor site immediately."
2025-10-07 17:44:26,Price Drop,"Price Drop Alert ðŸš¨

Product: vivo T4x 5G (Pronto Purple, 128 GB)
Old Price: â‚¹16499.0
New Price: â‚¹13499.0
Drop: 18.18%

Check competitor site immediately."
2025-10-07 17:44:30,Price Drop,"Price Drop Alert ðŸš¨

Product: vivo T4 Lite 5G Charger in the Box (Titanium Gold, 128 GB)
Old Price: â‚¹12999.0
New Price: â‚¹9999.0
Drop: 23.08%

Check competitor site immediately."
2025-10-07 17:44:33,Price Drop,"Price Drop Alert ðŸš¨

Product: vivo T4 Lite 5G Charger in the Box (Titanium Gold, 128 GB)
Old Price: â‚¹12999.0
New Price: â‚¹9999.0
Drop: 23.08%

Check competitor site immediately."
2025-10-07 17:44:36,Price Drop,"Price Drop Alert ðŸš¨

Product: vivo T4 Lite 5G Charger in the Box (Titanium Gold, 128 GB)
Old Price: â‚¹12999.0
New Price: â‚¹9999.0
Drop: 23.08%

Check competitor site immediately."
2025-10-07 17:44:40,Price Drop,"Price Drop Alert ðŸš¨

Product: Samsung Galaxy S24 FE 5G (Blue, 128 GB)
Old Price: â‚¹33999.0
New Price: â‚¹29999.0
Drop: 11.77%

Check competitor site immediately."
2025-10-07 17:44:42,Price Drop,"Price Drop Alert ðŸš¨

Product: Samsung Galaxy S24 FE 5G (Blue, 128 GB)
Old Price: â‚¹33999.0
New Price: â‚¹29999.0
Drop: 11.77%

Check competitor site immediately."
2025-10-07 17:44:45,Price Drop,"Price Drop Alert ðŸš¨

Product: vivo T4R 5G (Twilight Blue, 128 GB)
Old Price: â‚¹23499.0
New Price: â‚¹19499.0
Drop: 17.02%

Check competitor site immediately."
2025-10-07 17:44:48,Price Drop,"Price Drop Alert ðŸš¨

Product: vivo T4x 5G (Pronto Purple, 128 GB)
Old Price: â‚¹16499.0
New Price: â‚¹13499.0
Drop: 18.18%

Check competitor site immediately."
2025-10-07 17:44:51,Price Drop,"Price Drop Alert ðŸš¨

Product: vivo T4x 5G (Pronto Purple, 128 GB)
Old Price: â‚¹16499.0
New Price: â‚¹14499.0
Drop: 12.12%

Check competitor site immediately."
2025-10-07 17:44:54,Price Drop,"Price Drop Alert ðŸš¨

Product: vivo T4 Lite 5G Charger in the Box (Titanium Gold, 128 GB)
Old Price: â‚¹12999.0
New Price: â‚¹10999.0
Drop: 15.39%

Check competitor site immediately."
2025-10-07 17:44:57,Price Drop,"Price Drop Alert ðŸš¨

Product: vivo T4 Lite 5G Charger in the Box (Titanium Gold, 128 GB)
Old Price: â‚¹12999.0
New Price: â‚¹10999.0
Drop: 15.39%

Check competitor site immediately."
2025-10-07 17:45:00,Price Drop,"Price Drop Alert ðŸš¨

Product: vivo T4 Lite 5G Charger in the Box (Titanium Gold, 128 GB)
Old Price: â‚¹12999.0
New Price: â‚¹10999.0
Drop: 15.39%

Check competitor site immediately."
2025-10-07 17:53:45,Price Drop,"Price Drop Alert ðŸš¨

Product: vivo T4x 5G (Pronto Purple, 128 GB)
Old Price: â‚¹16499.0
New Price: â‚¹13499.0
Drop: 18.18%

Check competitor site immediately."
2025-10-07 17:53:49,Price Drop,"Price Drop Alert ðŸš¨

Product: vivo T4 Lite 5G Charger in the Box (Titanium Gold, 128 GB)
Old Price: â‚¹12999.0
New Price: â‚¹9999.0
Drop: 23.08%

Check competitor site immediately."
2025-10-07 17:53:52,Price Drop,"Price Drop Alert ðŸš¨

Product: vivo T4 Lite 5G Charger in the Box (Titanium Gold, 128 GB)
Old Price: â‚¹12999.0
New Price: â‚¹9999.0
Drop: 23.08%

Check competitor site immediately."
2025-10-07 17:53:55,Price Drop,"Price Drop Alert ðŸš¨

Product: vivo T4 Lite 5G Charger in the Box (Titanium Gold, 128 GB)
Old Price: â‚¹12999.0
New Price: â‚¹9999.0
Drop: 23.08%

Check competitor site immediately."
2025-10-07 17:53:58,Price Drop,"Price Drop Alert ðŸš¨

Product: Samsung Galaxy S24 FE 5G (Blue, 128 GB)
Old Price: â‚¹33999.0
New Price: â‚¹29999.0
Drop: 11.77%

Check competitor site immediately."
2025-10-07 17:54:02,Price Drop,"Price Drop Alert ðŸš¨

Product: Samsung Galaxy S24 FE 5G (Blue, 128 GB)
Old Price: â‚¹33999.0
New Price: â‚¹29999.0
Drop: 11.77%

Check competitor site immediately."
2025-10-07 17:54:05,Price Drop,"Price Drop Alert ðŸš¨

Product: vivo T4R 5G (Twilight Blue, 128 GB)
Old Price: â‚¹23499.0
New Price: â‚¹19499.0
Drop: 17.02%

Check competitor site immediately."
2025-10-07 17:54:08,Price Drop,"Price Drop Alert ðŸš¨

Product: vivo T4x 5G (Pronto Purple, 128 GB)
Old Price: â‚¹16499.0
New Price: â‚¹13499.0
Drop: 18.18%

Check competitor site immediately."
2025-10-07 17:54:11,Price Drop,"Price Drop Alert ðŸš¨

Product: vivo T4x 5G (Pronto Purple, 128 GB)
Old Price: â‚¹16499.0
New Price: â‚¹14499.0
Drop: 12.12%

Check competitor site immediately."
2025-10-07 17:54:14,Price Drop,"Price Drop Alert ðŸš¨

Product: vivo T4 Lite 5G Charger in the Box (Titanium Gold, 128 GB)
Old Price: â‚¹12999.0
New Price: â‚¹10999.0
Drop: 15.39%

Check competitor site immediately."
2025-10-07 17:54:17,Price Drop,"Price Drop Alert ðŸš¨

Product: vivo T4 Lite 5G Charger in the Box (Titanium Gold, 128 GB)
Old Price: â‚¹12999.0
New Price: â‚¹10999.0
Drop: 15.39%

Check competitor site immediately."
2025-10-07 17:54:19,Price Drop,"Price Drop Alert ðŸš¨

Product: vivo T4 Lite 5G Charger in the Box (Titanium Gold, 128 GB)
Old Price: â‚¹12999.0
New Price: â‚¹10999.0
Drop: 15.39%

Check competitor site immediately."
2025-10-07 17:54:22,Price Drop,"Price Drop Alert ðŸš¨

Product: vivo T4 Lite 5G Charger in the Box (Titanium Gold, 128 GB)
Old Price: â‚¹12999.0
New Price: â‚¹10999.0
Drop: 15.39%

Check competitor site immediately."
2025-10-07 17:54:25,Price Drop,"Price Drop Alert ðŸš¨

Product: vivo T4 Lite 5G Charger in the Box (Titanium Gold, 128 GB)
Old Price: â‚¹12999.0
New Price: â‚¹10999.0
Drop: 15.39%

Check competitor site immediately."
2025-10-07 17:54:28,Price Drop,"Price Drop Alert ðŸš¨

Product: vivo T4 Lite 5G Charger in the Box (Titanium Gold, 128 GB)
Old Price: â‚¹12999.0
New Price: â‚¹10999.0
Drop: 15.39%

Check competitor site immediately."
2025-10-07 17:54:31,Price Drop,"Price Drop Alert ðŸš¨

Product: vivo T4x 5G (Marine Blue, 128 GB)
Old Price: â‚¹16499.0
New Price: â‚¹13499.0
Drop: 18.18%

Check competitor site immediately."
2025-10-07 18:09:56,Price Drop,"Price Drop Alert ðŸš¨

Product: vivo T4x 5G (Pronto Purple, 128 GB)
Old Price: â‚¹16499.0
New Price: â‚¹13499.0
Drop: 18.18%

Check competitor site immediately."
2025-10-07 18:09:59,Price Drop,"Price Drop Alert ðŸš¨

Product: vivo T4 Lite 5G Charger in the Box (Titanium Gold, 128 GB)
Old Price: â‚¹12999.0
New Price: â‚¹9999.0
Drop: 23.08%

Check competitor site immediately."
2025-10-07 18:10:02,Price Drop,"Price Drop Alert ðŸš¨

Product: vivo T4 Lite 5G Charger in the Box (Titanium Gold, 128 GB)
Old Price: â‚¹12999.0
New Price: â‚¹9999.0
Drop: 23.08%

Check competitor site immediately."
2025-10-07 18:10:05,Price Drop,"Price Drop Alert ðŸš¨

Product: vivo T4 Lite 5G Charger in the Box (Titanium Gold, 128 GB)
Old Price: â‚¹12999.0
New Price: â‚¹9999.0
Drop: 23.08%

Check competitor site immediately."
2025-10-07 18:10:08,Price Drop,"Price Drop Alert ðŸš¨

Product: Samsung Galaxy S24 FE 5G (Blue, 128 GB)
Old Price: â‚¹33999.0
New Price: â‚¹29999.0
Drop: 11.77%

Check competitor site immediately."
2025-10-07 18:10:11,Price Drop,"Price Drop Alert ðŸš¨

Product: Samsung Galaxy S24 FE 5G (Blue, 128 GB)
Old Price: â‚¹33999.0
New Price: â‚¹29999.0
Drop: 11.77%

Check competitor site immediately."
2025-10-07 18:10:14,Price Drop,"Price Drop Alert ðŸš¨

Product: vivo T4R 5G (Twilight Blue, 128 GB)
Old Price: â‚¹23499.0
New Price: â‚¹19499.0
Drop: 17.02%

Check competitor site immediately."
2025-10-07 18:10:17,Price Drop,"Price Drop Alert ðŸš¨

Product: vivo T4x 5G (Pronto Purple, 128 GB)
Old Price: â‚¹16499.0
New Price: â‚¹13499.0
Drop: 18.18%

Check competitor site immediately."
2025-10-07 18:10:20,Price Drop,"Price Drop Alert ðŸš¨

Product: vivo T4x 5G (Pronto Purple, 128 GB)
Old Price: â‚¹16499.0
New Price: â‚¹14499.0
Drop: 12.12%

Check competitor site immediately."
2025-10-07 18:10:23,Price Drop,"Price Drop Alert ðŸš¨

Product: vivo T4 Lite 5G Charger in the Box (Titanium Gold, 128 GB)
Old Price: â‚¹12999.0
New Price: â‚¹10999.0
Drop: 15.39%

Check competitor site immediately."
2025-10-07 18:10:27,Price Drop,"Price Drop Alert ðŸš¨

Product: vivo T4 Lite 5G Charger in the Box (Titanium Gold, 128 GB)
Old Price: â‚¹12999.0
New Price: â‚¹10999.0
Drop: 15.39%

Check competitor site immediately."
2025-10-07 18:10:30,Price Drop,"Price Drop Alert ðŸš¨

Product: vivo T4 Lite 5G Charger in the Box (Titanium Gold, 128 GB)
Old Price: â‚¹12999.0
New Price: â‚¹10999.0
Drop: 15.39%

Check competitor site immediately."
2025-10-07 18:10:33,Price Drop,"Price Drop Alert ðŸš¨

Product: vivo T4 Lite 5G Charger in the Box (Titanium Gold, 128 GB)
Old Price: â‚¹12999.0
New Price: â‚¹10999.0
Drop: 15.39%

Check competitor site immediately."
2025-10-07 18:10:36,Price Drop,"Price Drop Alert ðŸš¨

Product: vivo T4 Lite 5G Charger in the Box (Titanium Gold, 128 GB)
Old Price: â‚¹12999.0
New Price: â‚¹10999.0
Drop: 15.39%

Check competitor site immediately."
2025-10-07 18:10:38,Price Drop,"Price Drop Alert ðŸš¨

Product: vivo T4 Lite 5G Charger in the Box (Titanium Gold, 128 GB)
Old Price: â‚¹12999.0
New Price: â‚¹10999.0
Drop: 15.39%

Check competitor site immediately."
2025-10-07 18:10:42,Price Drop,"Price Drop Alert ðŸš¨

Product: vivo T4x 5G (Marine Blue, 128 GB)
Old Price: â‚¹16499.0
New Price: â‚¹13499.0
Drop: 18.18%

Check competitor site immediately."
2025-10-07 18:10:45,Price Drop,"Price Drop Alert ðŸš¨

Product: vivo T4x 5G (Pronto Purple, 128 GB)
Old Price: â‚¹16499.0
New Price: â‚¹13499.0
Drop: 18.18%

Check competitor site immediately."
2025-10-07 18:10:48,Price Drop,"Price Drop Alert ðŸš¨

Product: vivo T4 Lite 5G Charger in the Box (Titanium Gold, 128 GB)
Old Price: â‚¹12999.0
New Price: â‚¹10999.0
Drop: 15.39%

Check competitor site immediately."
2025-10-07 18:10:52,Price Drop,"Price Drop Alert ðŸš¨

Product: vivo T4 Lite 5G Charger in the Box (Titanium Gold, 128 GB)
Old Price: â‚¹12999.0
New Price: â‚¹10999.0
Drop: 15.39%

Check competitor site immediately."
2025-10-07 18:10:55,Price Drop,"Price Drop Alert ðŸš¨

Product: vivo T4 Lite 5G Charger in the Box (Titanium Gold, 128 GB)
Old Price: â‚¹12999.0
New Price: â‚¹10999.0
Drop: 15.39%

Check competitor site immediately."
2025-10-07 18:10:58,Price Drop,"Price Drop Alert ðŸš¨

Product: vivo T4 5G (Phantom Grey, 128 GB)
Old Price: â‚¹24999.0
New Price: â‚¹20999.0
Drop: 16.00%

Check competitor site immediately."
2025-10-07 18:24:27,Price Drop,"Price Drop Alert ðŸš¨

Product: realme C61 (Marble Black, 64 GB)
Old Price: â‚¹8199.0
New Price: â‚¹5899.0
Drop: 28.05%

Check competitor site immediately."
2025-10-07 18:24:29,Price Drop,"Price Drop Alert ðŸš¨

Product: vivo T4 Lite 5G Charger in the Box (Titanium Gold, 128 GB)
Old Price: â‚¹12999.0
New Price: â‚¹9999.0
Drop: 23.08%

Check competitor site immediately."
2025-10-07 18:24:31,Price Drop,"Price Drop Alert ðŸš¨

Product: vivo T4 Lite 5G Charger in the Box (Titanium Gold, 128 GB)
Old Price: â‚¹12999.0
New Price: â‚¹9999.0
Drop: 23.08%

Check competitor site immediately."
2025-10-07 18:24:34,Price Drop,"Price Drop Alert ðŸš¨

Product: Samsung Galaxy S24 FE 5G (Blue, 128 GB)
Old Price: â‚¹33999.0
New Price: â‚¹29999.0
Drop: 11.77%

Check competitor site immediately."
2025-10-07 18:24:37,Price Drop,"Price Drop Alert ðŸš¨

Product: vivo T4R 5G (Twilight Blue, 128 GB)
Old Price: â‚¹23499.0
New Price: â‚¹19499.0
Drop: 17.02%

Check competitor site immediately."
2025-10-07 18:24:39,Price Drop,"Price Drop Alert ðŸš¨

Product: realme C61 (Marble Black, 64 GB)
Old Price: â‚¹8199.0
New Price: â‚¹6099.0
Drop: 25.61%

Check competitor site immediately."
2025-10-07 18:24:41,Price Drop,"Price Drop Alert ðŸš¨

Product: vivo T4 Lite 5G Charger in the Box (Titanium Gold, 128 GB)
Old Price: â‚¹12999.0
New Price: â‚¹10999.0
Drop: 15.39%

Check competitor site immediately."
2025-10-07 18:24:44,Price Drop,"Price Drop Alert ðŸš¨

Product: vivo T4 Lite 5G Charger in the Box (Titanium Gold, 128 GB)
Old Price: â‚¹12999.0
New Price: â‚¹10999.0
Drop: 15.39%

Check competitor site immediately."
2025-10-07 18:24:47,Price Drop,"Price Drop Alert ðŸš¨

Product: realme C61 (Marble Black, 64 GB)
Old Price: â‚¹8199.0
New Price: â‚¹6099.0
Drop: 25.61%

Check competitor site immediately."
2025-10-07 18:24:49,Price Drop,"Price Drop Alert ðŸš¨

Product: vivo T4 Lite 5G Charger in the Box (Titanium Gold, 128 GB)
Old Price: â‚¹12999.0
New Price: â‚¹10999.0
Drop: 15.39%

Check competitor site immediately."
2025-10-07 18:24:51,Price Drop,"Price Drop Alert ðŸš¨

Product: vivo T4 Lite 5G Charger in the Box (Titanium Gold, 128 GB)
Old Price: â‚¹12999.0
New Price: â‚¹10999.0
Drop: 15.39%

Check competitor site immediately."
2025-10-07 18:24:53,Price Drop,"Price Drop Alert ðŸš¨

Product: realme C61 (Marble Black, 64 GB)
Old Price: â‚¹8199.0
New Price: â‚¹6099.0
Drop: 25.61%

Check competitor site immediately."
2025-10-07 18:24:56,Price Drop,"Price Drop Alert ðŸš¨

Product: vivo T4 Lite 5G Charger in the Box (Titanium Gold, 128 GB)
Old Price: â‚¹12999.0
New Price: â‚¹10999.0
Drop: 15.39%

Check competitor site immediately."
2025-10-07 18:24:59,Price Drop,"Price Drop Alert ðŸš¨

Product: vivo T4 Lite 5G Charger in the Box (Titanium Gold, 128 GB)
Old Price: â‚¹12999.0
New Price: â‚¹10999.0
Drop: 15.39%

Check competitor site immediately."
2025-10-07 18:25:02,Price Drop,"Price Drop Alert ðŸš¨

Product: realme C61 (Marble Black, 64 GB)
Old Price: â‚¹8199.0
New Price: â‚¹6099.0
Drop: 25.61%

Check competitor site immediately."
2025-10-07 18:25:05,Price Drop,"Price Drop Alert ðŸš¨

Product: realme C61 (Marble Black, 64 GB)
Old Price: â‚¹8199.0
New Price: â‚¹6099.0
Drop: 25.61%

Check competitor site immediately."
2025-10-07 18:29:53,Price Drop,"Price Drop Alert ðŸš¨

Product: realme C61 (Marble Black, 64 GB)
Old Price: â‚¹8199.0
New Price: â‚¹5899.0
Drop: 28.05%

Check competitor site immediately."
2025-10-07 18:29:56,Price Drop,"Price Drop Alert ðŸš¨

Product: vivo T4 Lite 5G Charger in the Box (Titanium Gold, 128 GB)
Old Price: â‚¹12999.0
New Price: â‚¹9999.0
Drop: 23.08%

Check competitor site immediately."
2025-10-07 18:29:59,Price Drop,"Price Drop Alert ðŸš¨

Product: vivo T4 Lite 5G Charger in the Box (Titanium Gold, 128 GB)
Old Price: â‚¹12999.0
New Price: â‚¹9999.0
Drop: 23.08%

Check competitor site immediately."
2025-10-07 18:30:02,Price Drop,"Price Drop Alert ðŸš¨

Product: Samsung Galaxy S24 FE 5G (Blue, 128 GB)
Old Price: â‚¹33999.0
New Price: â‚¹29999.0
Drop: 11.77%

Check competitor site immediately."
2025-10-07 18:30:04,Price Drop,"Price Drop Alert ðŸš¨

Product: vivo T4R 5G (Twilight Blue, 128 GB)
Old Price: â‚¹23499.0
New Price: â‚¹19499.0
Drop: 17.02%

Check competitor site immediately."
2025-10-07 18:30:07,Price Drop,"Price Drop Alert ðŸš¨

Product: realme C61 (Marble Black, 64 GB)
Old Price: â‚¹8199.0
New Price: â‚¹6099.0
Drop: 25.61%

Check competitor site immediately."
2025-10-07 18:30:10,Price Drop,"Price Drop Alert ðŸš¨

Product: vivo T4 Lite 5G Charger in the Box (Titanium Gold, 128 GB)
Old Price: â‚¹12999.0
New Price: â‚¹10999.0
Drop: 15.39%

Check competitor site immediately."
2025-10-07 18:30:13,Price Drop,"Price Drop Alert ðŸš¨

Product: vivo T4 Lite 5G Charger in the Box (Titanium Gold, 128 GB)
Old Price: â‚¹12999.0
New Price: â‚¹10999.0
Drop: 15.39%

Check competitor site immediately."
2025-10-07 18:30:15,Price Drop,"Price Drop Alert ðŸš¨

Product: realme C61 (Marble Black, 64 GB)
Old Price: â‚¹8199.0
New Price: â‚¹6099.0
Drop: 25.61%

Check competitor site immediately."
2025-10-07 18:30:18,Price Drop,"Price Drop Alert ðŸš¨

Product: vivo T4 Lite 5G Charger in the Box (Titanium Gold, 128 GB)
Old Price: â‚¹12999.0
New Price: â‚¹10999.0
Drop: 15.39%

Check competitor site immediately."
2025-10-07 18:30:20,Price Drop,"Price Drop Alert ðŸš¨

Product: vivo T4 Lite 5G Charger in the Box (Titanium Gold, 128 GB)
Old Price: â‚¹12999.0
New Price: â‚¹10999.0
Drop: 15.39%

Check competitor site immediately."
2025-10-07 18:30:22,Price Drop,"Price Drop Alert ðŸš¨

Product: realme C61 (Marble Black, 64 GB)
Old Price: â‚¹8199.0
New Price: â‚¹6099.0
Drop: 25.61%

Check competitor site immediately."
2025-10-07 18:30:25,Price Drop,"Price Drop Alert ðŸš¨

Product: vivo T4 Lite 5G Charger in the Box (Titanium Gold, 128 GB)
Old Price: â‚¹12999.0
New Price: â‚¹10999.0
Drop: 15.39%

Check competitor site immediately."
2025-10-07 18:30:28,Price Drop,"Price Drop Alert ðŸš¨

Product: vivo T4 Lite 5G Charger in the Box (Titanium Gold, 128 GB)
Old Price: â‚¹12999.0
New Price: â‚¹10999.0
Drop: 15.39%

Check competitor site immediately."
2025-10-07 18:30:30,Price Drop,"Price Drop Alert ðŸš¨

Product: realme C61 (Marble Black, 64 GB)
Old Price: â‚¹8199.0
New Price: â‚¹6099.0
Drop: 25.61%

Check competitor site immediately."
2025-10-07 18:30:32,Price Drop,"Price Drop Alert ðŸš¨

Product: realme C61 (Marble Black, 64 GB)
Old Price: â‚¹8199.0
New Price: â‚¹6099.0
Drop: 25.61%

Check competitor site immediately."
2025-10-07 18:58:53,Price Drop,"Price Drop Alert ðŸš¨

Product: realme C61 (Marble Black, 64 GB)
Old Price: â‚¹8199.0
New Price: â‚¹5899.0
Drop: 28.05%

Check competitor site immediately."
2025-10-07 18:58:55,Price Drop,"Price Drop Alert ðŸš¨

Product: vivo T4 Lite 5G Charger in the Box (Titanium Gold, 128 GB)
Old Price: â‚¹12999.0
New Price: â‚¹9999.0
Drop: 23.08%

Check competitor site immediately."
2025-10-07 18:58:58,Price Drop,"Price Drop Alert ðŸš¨

Product: vivo T4 Lite 5G Charger in the Box (Titanium Gold, 128 GB)
Old Price: â‚¹12999.0
New Price: â‚¹9999.0
Drop: 23.08%

Check competitor site immediately."
2025-10-07 18:59:02,Price Drop,"Price Drop Alert ðŸš¨

Product: vivo T4 Lite 5G Charger in the Box (Titanium Gold, 128 GB)
Old Price: â‚¹12999.0
New Price: â‚¹9999.0
Drop: 23.08%

Check competitor site immediately."
2025-10-07 18:59:05,Price Drop,"Price Drop Alert ðŸš¨

Product: Samsung Galaxy S24 FE 5G (Blue, 128 GB)
Old Price: â‚¹33999.0
New Price: â‚¹29999.0
Drop: 11.77%

Check competitor site immediately."
2025-10-07 18:59:08,Price Drop,"Price Drop Alert ðŸš¨

Product: vivo T4R 5G (Twilight Blue, 128 GB)
Old Price: â‚¹23499.0
New Price: â‚¹19499.0
Drop: 17.02%

Check competitor site immediately."
2025-10-07 18:59:11,Price Drop,"Price Drop Alert ðŸš¨

Product: realme C61 (Marble Black, 64 GB)
Old Price: â‚¹8199.0
New Price: â‚¹6099.0
Drop: 25.61%

Check competitor site immediately."
2025-10-07 18:59:14,Price Drop,"Price Drop Alert ðŸš¨

Product: vivo T4 Lite 5G Charger in the Box (Titanium Gold, 128 GB)
Old Price: â‚¹12999.0
New Price: â‚¹10999.0
Drop: 15.39%

Check competitor site immediately."
2025-10-07 18:59:17,Price Drop,"Price Drop Alert ðŸš¨

Product: vivo T4 Lite 5G Charger in the Box (Titanium Gold, 128 GB)
Old Price: â‚¹12999.0
New Price: â‚¹10999.0
Drop: 15.39%

Check competitor site immediately."
2025-10-07 18:59:19,Price Drop,"Price Drop Alert ðŸš¨

Product: vivo T4 Lite 5G Charger in the Box (Titanium Gold, 128 GB)
Old Price: â‚¹12999.0
New Price: â‚¹10999.0
Drop: 15.39%

Check competitor site immediately."
2025-10-07 18:59:21,Price Drop,"Price Drop Alert ðŸš¨

Product: realme C61 (Marble Black, 64 GB)
Old Price: â‚¹8199.0
New Price: â‚¹6099.0
Drop: 25.61%

Check competitor site immediately."
2025-10-07 18:59:24,Price Drop,"Price Drop Alert ðŸš¨

Product: vivo T4 Lite 5G Charger in the Box (Titanium Gold, 128 GB)
Old Price: â‚¹12999.0
New Price: â‚¹10999.0
Drop: 15.39%

Check competitor site immediately."
2025-10-07 18:59:27,Price Drop,"Price Drop Alert ðŸš¨

Product: vivo T4 Lite 5G Charger in the Box (Titanium Gold, 128 GB)
Old Price: â‚¹12999.0
New Price: â‚¹10999.0
Drop: 15.39%

Check competitor site immediately."
2025-10-07 18:59:29,Price Drop,"Price Drop Alert ðŸš¨

Product: vivo T4 Lite 5G Charger in the Box (Titanium Gold, 128 GB)
Old Price: â‚¹12999.0
New Price: â‚¹10999.0
Drop: 15.39%

Check competitor site immediately."
2025-10-07 18:59:31,Price Drop,"Price Drop Alert ðŸš¨

Product: realme C61 (Marble Black, 64 GB)
Old Price: â‚¹8199.0
New Price: â‚¹6099.0
Drop: 25.61%

Check competitor site immediately."
2025-10-07 18:59:34,Price Drop,"Price Drop Alert ðŸš¨

Product: vivo T4 Lite 5G Charger in the Box (Titanium Gold, 128 GB)
Old Price: â‚¹12999.0
New Price: â‚¹10999.0
Drop: 15.39%

Check competitor site immediately."
2025-10-07 18:59:38,Price Drop,"Price Drop Alert ðŸš¨

Product: vivo T4 Lite 5G Charger in the Box (Titanium Gold, 128 GB)
Old Price: â‚¹12999.0
New Price: â‚¹10999.0
Drop: 15.39%

Check competitor site immediately."
2025-10-07 18:59:40,Price Drop,"Price Drop Alert ðŸš¨

Product: vivo T4 Lite 5G Charger in the Box (Titanium Gold, 128 GB)
Old Price: â‚¹12999.0
New Price: â‚¹10999.0
Drop: 15.39%

Check competitor site immediately."
2025-10-07 18:59:43,Price Drop,"Price Drop Alert ðŸš¨

Product: realme C61 (Marble Black, 64 GB)
Old Price: â‚¹8199.0
New Price: â‚¹6099.0
Drop: 25.61%

Check competitor site immediately."
2025-10-07 18:59:46,Price Drop,"Price Drop Alert ðŸš¨

Product: realme C61 (Marble Black, 64 GB)
Old Price: â‚¹8199.0
New Price: â‚¹6099.0
Drop: 25.61%

Check competitor site immediately."
2025-10-07 18:59:48,Price Drop,"Price Drop Alert ðŸš¨

Product: realme C61 (Marble Black, 64 GB)
Old Price: â‚¹8199.0
New Price: â‚¹6099.0
Drop: 25.61%

Check competitor site immediately."
2025-10-07 19:58:41,Price Drop,"Price Drop Alert ðŸš¨

Product: realme C61 (Marble Black, 64 GB)
Old Price: â‚¹8199.0
New Price: â‚¹5899.0
Drop: 28.05%

Check competitor site immediately."
2025-10-07 19:58:44,Price Drop,"Price Drop Alert ðŸš¨

Product: vivo T4 Lite 5G Charger in the Box (Titanium Gold, 128 GB)
Old Price: â‚¹12999.0
New Price: â‚¹9999.0
Drop: 23.08%

Check competitor site immediately."
2025-10-07 19:58:48,Price Drop,"Price Drop Alert ðŸš¨

Product: vivo T4 Lite 5G Charger in the Box (Titanium Gold, 128 GB)
Old Price: â‚¹12999.0
New Price: â‚¹9999.0
Drop: 23.08%

Check competitor site immediately."
2025-10-07 19:58:52,Price Drop,"Price Drop Alert ðŸš¨

Product: vivo T4 Lite 5G Charger in the Box (Titanium Gold, 128 GB)
Old Price: â‚¹12999.0
New Price: â‚¹9999.0
Drop: 23.08%

Check competitor site immediately."
2025-10-07 19:58:55,Price Drop,"Price Drop Alert ðŸš¨

Product: vivo T4 Lite 5G Charger in the Box (Titanium Gold, 128 GB)
Old Price: â‚¹12999.0
New Price: â‚¹9999.0
Drop: 23.08%

Check competitor site immediately."
2025-10-07 19:58:58,Price Drop,"Price Drop Alert ðŸš¨

Product: Samsung Galaxy S24 FE 5G (Blue, 128 GB)
Old Price: â‚¹33999.0
New Price: â‚¹29999.0
Drop: 11.77%

Check competitor site immediately."
2025-10-07 19:59:00,Price Drop,"Price Drop Alert ðŸš¨

Product: vivo T4R 5G (Twilight Blue, 128 GB)
Old Price: â‚¹23499.0
New Price: â‚¹19499.0
Drop: 17.02%

Check competitor site immediately."
2025-10-07 19:59:03,Price Drop,"Price Drop Alert ðŸš¨

Product: realme C61 (Marble Black, 64 GB)
Old Price: â‚¹8199.0
New Price: â‚¹6099.0
Drop: 25.61%

Check competitor site immediately."
2025-10-07 19:59:06,Price Drop,"Price Drop Alert ðŸš¨

Product: vivo T4 Lite 5G Charger in the Box (Titanium Gold, 128 GB)
Old Price: â‚¹12999.0
New Price: â‚¹10999.0
Drop: 15.39%

Check competitor site immediately."
2025-10-07 19:59:09,Price Drop,"Price Drop Alert ðŸš¨

Product: vivo T4 Lite 5G Charger in the Box (Titanium Gold, 128 GB)
Old Price: â‚¹12999.0
New Price: â‚¹10999.0
Drop: 15.39%

Check competitor site immediately."
2025-10-07 19:59:12,Price Drop,"Price Drop Alert ðŸš¨

Product: vivo T4 Lite 5G Charger in the Box (Titanium Gold, 128 GB)
Old Price: â‚¹12999.0
New Price: â‚¹10999.0
Drop: 15.39%

Check competitor site immediately."
2025-10-07 19:59:15,Price Drop,"Price Drop Alert ðŸš¨

Product: vivo T4 Lite 5G Charger in the Box (Titanium Gold, 128 GB)
Old Price: â‚¹12999.0
New Price: â‚¹10999.0
Drop: 15.39%

Check competitor site immediately."
2025-10-07 19:59:18,Price Drop,"Price Drop Alert ðŸš¨

Product: realme C61 (Marble Black, 64 GB)
Old Price: â‚¹8199.0
New Price: â‚¹6099.0
Drop: 25.61%

Check competitor site immediately."
2025-10-07 19:59:20,Price Drop,"Price Drop Alert ðŸš¨

Product: vivo T4 Lite 5G Charger in the Box (Titanium Gold, 128 GB)
Old Price: â‚¹12999.0
New Price: â‚¹10999.0
Drop: 15.39%

Check competitor site immediately."
2025-10-07 19:59:24,Price Drop,"Price Drop Alert ðŸš¨

Product: vivo T4 Lite 5G Charger in the Box (Titanium Gold, 128 GB)
Old Price: â‚¹12999.0
New Price: â‚¹10999.0
Drop: 15.39%

Check competitor site immediately."
2025-10-07 19:59:27,Price Drop,"Price Drop Alert ðŸš¨

Product: vivo T4 Lite 5G Charger in the Box (Titanium Gold, 128 GB)
Old Price: â‚¹12999.0
New Price: â‚¹10999.0
Drop: 15.39%

Check competitor site immediately."
2025-10-07 19:59:30,Price Drop,"Price Drop Alert ðŸš¨

Product: vivo T4 Lite 5G Charger in the Box (Titanium Gold, 128 GB)
Old Price: â‚¹12999.0
New Price: â‚¹10999.0
Drop: 15.39%

Check competitor site immediately."
2025-10-07 19:59:33,Price Drop,"Price Drop Alert ðŸš¨

Product: realme C61 (Marble Black, 64 GB)
Old Price: â‚¹8199.0
New Price: â‚¹6099.0
Drop: 25.61%

Check competitor site immediately."
2025-10-07 19:59:36,Price Drop,"Price Drop Alert ðŸš¨

Product: vivo T4 Lite 5G Charger in the Box (Titanium Gold, 128 GB)
Old Price: â‚¹12999.0
New Price: â‚¹10999.0
Drop: 15.39%

Check competitor site immediately."
2025-10-07 19:59:39,Price Drop,"Price Drop Alert ðŸš¨

Product: vivo T4 Lite 5G Charger in the Box (Titanium Gold, 128 GB)
Old Price: â‚¹12999.0
New Price: â‚¹10999.0
Drop: 15.39%

Check competitor site immediately."
2025-10-07 19:59:43,Price Drop,"Price Drop Alert ðŸš¨

Product: vivo T4 Lite 5G Charger in the Box (Titanium Gold, 128 GB)
Old Price: â‚¹12999.0
New Price: â‚¹10999.0
Drop: 15.39%

Check competitor site immediately."
2025-10-07 19:59:47,Price Drop,"Price Drop Alert ðŸš¨

Product: vivo T4 Lite 5G Charger in the Box (Titanium Gold, 128 GB)
Old Price: â‚¹12999.0
New Price: â‚¹10999.0
Drop: 15.39%

Check competitor site immediately."
2025-10-07 19:59:50,Price Drop,"Price Drop Alert ðŸš¨

Product: realme C61 (Marble Black, 64 GB)
Old Price: â‚¹8199.0
New Price: â‚¹6099.0
Drop: 25.61%

Check competitor site immediately."
2025-10-07 19:59:54,Price Drop,"Price Drop Alert ðŸš¨

Product: realme C61 (Marble Black, 64 GB)
Old Price: â‚¹8199.0
New Price: â‚¹6099.0
Drop: 25.61%

Check competitor site immediately."
2025-10-07 19:59:58,Price Drop,"Price Drop Alert ðŸš¨

Product: realme C61 (Marble Black, 64 GB)
Old Price: â‚¹8199.0
New Price: â‚¹6099.0
Drop: 25.61%

Check competitor site immediately."
2025-10-07 20:00:01,Price Drop,"Price Drop Alert ðŸš¨

Product: realme C61 (Marble Black, 64 GB)
Old Price: â‚¹8199.0
New Price: â‚¹6099.0
Drop: 25.61%

Check competitor site immediately."
2025-10-07 20:00:04,Price Drop,"Price Drop Alert ðŸš¨

Product: vivo T4 Lite 5G Charger in the Box (Titanium Gold, 128 GB)
Old Price: â‚¹12999.0
New Price: â‚¹9999.0
Drop: 23.08%

Check competitor site immediately."
2025-10-07 20:00:07,Price Drop,"Price Drop Alert ðŸš¨

Product: vivo T4 Lite 5G Charger in the Box (Titanium Gold, 128 GB)
Old Price: â‚¹12999.0
New Price: â‚¹9999.0
Drop: 23.08%

Check competitor site immediately."
2025-10-07 20:00:10,Price Drop,"Price Drop Alert ðŸš¨

Product: vivo T4 Lite 5G Charger in the Box (Titanium Gold, 128 GB)
Old Price: â‚¹12999.0
New Price: â‚¹9999.0
Drop: 23.08%

Check competitor site immediately."
2025-10-07 20:00:13,Price Drop,"Price Drop Alert ðŸš¨

Product: vivo T4 Lite 5G Charger in the Box (Titanium Gold, 128 GB)
Old Price: â‚¹12999.0
New Price: â‚¹9999.0
Drop: 23.08%

Check competitor site immediately."
2025-10-07 21:28:52,Price Drop,"Price Drop Alert ðŸš¨

Product: realme C61 (Marble Black, 64 GB)
Old Price: â‚¹8199.0
New Price: â‚¹5899.0
Drop: 28.05%

Check competitor site immediately."
2025-10-07 21:28:54,Price Drop,"Price Drop Alert ðŸš¨

Product: vivo T4 Lite 5G Charger in the Box (Titanium Gold, 128 GB)
Old Price: â‚¹12999.0
New Price: â‚¹9999.0
Drop: 23.08%

Check competitor site immediately."
2025-10-07 21:28:56,Price Drop,"Price Drop Alert ðŸš¨

Product: vivo T4 Lite 5G Charger in the Box (Titanium Gold, 128 GB)
Old Price: â‚¹12999.0
New Price: â‚¹9999.0
Drop: 23.08%

Check competitor site immediately."
2025-10-07 21:28:58,Price Drop,"Price Drop Alert ðŸš¨

Product: vivo T4 Lite 5G Charger in the Box (Titanium Gold, 128 GB)
Old Price: â‚¹12999.0
New Price: â‚¹9999.0
Drop: 23.08%

Check competitor site immediately."
2025-10-07 21:29:00,Price Drop,"Price Drop Alert ðŸš¨

Product: vivo T4 Lite 5G Charger in the Box (Titanium Gold, 128 GB)
Old Price: â‚¹12999.0
New Price: â‚¹9999.0
Drop: 23.08%

Check competitor site immediately."
2025-10-07 21:29:02,Price Drop,"Price Drop Alert ðŸš¨

Product: Samsung Galaxy S24 FE 5G (Blue, 128 GB)
Old Price: â‚¹33999.0
New Price: â‚¹29999.0
Drop: 11.77%

Check competitor site immediately."
2025-10-07 21:29:04,Price Drop,"Price Drop Alert ðŸš¨

Product: Samsung Galaxy S24 FE 5G (Blue, 128 GB)
Old Price: â‚¹33999.0
New Price: â‚¹29999.0
Drop: 11.77%

Check competitor site immediately."
2025-10-07 21:29:07,Price Drop,"Price Drop Alert ðŸš¨

Product: vivo T4R 5G (Twilight Blue, 128 GB)
Old Price: â‚¹23499.0
New Price: â‚¹19499.0
Drop: 17.02%

Check competitor site immediately."
2025-10-07 21:29:10,Price Drop,"Price Drop Alert ðŸš¨

Product: realme C61 (Marble Black, 64 GB)
Old Price: â‚¹8199.0
New Price: â‚¹6099.0
Drop: 25.61%

Check competitor site immediately."
2025-10-07 21:29:13,Price Drop,"Price Drop Alert ðŸš¨

Product: vivo T4 Lite 5G Charger in the Box (Titanium Gold, 128 GB)
Old Price: â‚¹12999.0
New Price: â‚¹10999.0
Drop: 15.39%

Check competitor site immediately."
2025-10-07 21:29:16,Price Drop,"Price Drop Alert ðŸš¨

Product: vivo T4 Lite 5G Charger in the Box (Titanium Gold, 128 GB)
Old Price: â‚¹12999.0
New Price: â‚¹10999.0
Drop: 15.39%

Check competitor site immediately."
2025-10-07 21:29:18,Price Drop,"Price Drop Alert ðŸš¨

Product: vivo T4 Lite 5G Charger in the Box (Titanium Gold, 128 GB)
Old Price: â‚¹12999.0
New Price: â‚¹10999.0
Drop: 15.39%

Check competitor site immediately."
2025-10-07 21:29:28,Price Drop,"Price Drop Alert ðŸš¨

Product: vivo T4 Lite 5G Charger in the Box (Titanium Gold, 128 GB)
Old Price: â‚¹12999.0
New Price: â‚¹10999.0
Drop: 15.39%

Check competitor site immediately."
2025-10-07 21:29:32,Price Drop,"Price Drop Alert ðŸš¨

Product: realme C61 (Marble Black, 64 GB)
Old Price: â‚¹8199.0
New Price: â‚¹6099.0
Drop: 25.61%

Check competitor site immediately."
2025-10-07 21:29:35,Price Drop,"Price Drop Alert ðŸš¨

Product: vivo T4 Lite 5G Charger in the Box (Titanium Gold, 128 GB)
Old Price: â‚¹12999.0
New Price: â‚¹10999.0
Drop: 15.39%

Check competitor site immediately."
2025-10-07 21:29:37,Price Drop,"Price Drop Alert ðŸš¨

Product: vivo T4 Lite 5G Charger in the Box (Titanium Gold, 128 GB)
Old Price: â‚¹12999.0
New Price: â‚¹10999.0
Drop: 15.39%

Check competitor site immediately."
2025-10-07 21:29:40,Price Drop,"Price Drop Alert ðŸš¨

Product: vivo T4 Lite 5G Charger in the Box (Titanium Gold, 128 GB)
Old Price: â‚¹12999.0
New Price: â‚¹10999.0
Drop: 15.39%

Check competitor site immediately."
2025-10-07 21:29:42,Price Drop,"Price Drop Alert ðŸš¨

Product: vivo T4 Lite 5G Charger in the Box (Titanium Gold, 128 GB)
Old Price: â‚¹12999.0
New Price: â‚¹10999.0
Drop: 15.39%

Check competitor site immediately."
2025-10-07 21:29:45,Price Drop,"Price Drop Alert ðŸš¨

Product: realme C61 (Marble Black, 64 GB)
Old Price: â‚¹8199.0
New Price: â‚¹6099.0
Drop: 25.61%

Check competitor site immediately."
2025-10-07 21:29:48,Price Drop,"Price Drop Alert ðŸš¨

Product: vivo T4 Lite 5G Charger in the Box (Titanium Gold, 128 GB)
Old Price: â‚¹12999.0
New Price: â‚¹10999.0
Drop: 15.39%

Check competitor site immediately."
2025-10-07 21:29:49,Price Drop,"Price Drop Alert ðŸš¨

Product: vivo T4 Lite 5G Charger in the Box (Titanium Gold, 128 GB)
Old Price: â‚¹12999.0
New Price: â‚¹10999.0
Drop: 15.39%

Check competitor site immediately."
2025-10-07 21:29:51,Price Drop,"Price Drop Alert ðŸš¨

Product: vivo T4 Lite 5G Charger in the Box (Titanium Gold, 128 GB)
Old Price: â‚¹12999.0
New Price: â‚¹10999.0
Drop: 15.39%

Check competitor site immediately."
2025-10-07 21:29:52,Price Drop,"Price Drop Alert ðŸš¨

Product: vivo T4 Lite 5G Charger in the Box (Titanium Gold, 128 GB)
Old Price: â‚¹12999.0
New Price: â‚¹10999.0
Drop: 15.39%

Check competitor site immediately."
2025-10-07 21:29:54,Price Drop,"Price Drop Alert ðŸš¨

Product: realme C61 (Marble Black, 64 GB)
Old Price: â‚¹8199.0
New Price: â‚¹6099.0
Drop: 25.61%

Check competitor site immediately."
2025-10-07 21:29:56,Price Drop,"Price Drop Alert ðŸš¨

Product: realme C61 (Marble Black, 64 GB)
Old Price: â‚¹8199.0
New Price: â‚¹6099.0
Drop: 25.61%

Check competitor site immediately."
2025-10-07 21:29:58,Price Drop,"Price Drop Alert ðŸš¨

Product: realme C61 (Marble Black, 64 GB)
Old Price: â‚¹8199.0
New Price: â‚¹6099.0
Drop: 25.61%

Check competitor site immediately."
2025-10-07 21:30:00,Price Drop,"Price Drop Alert ðŸš¨

Product: realme C61 (Marble Black, 64 GB)
Old Price: â‚¹8199.0
New Price: â‚¹6099.0
Drop: 25.61%

Check competitor site immediately."
2025-10-07 21:30:02,Price Drop,"Price Drop Alert ðŸš¨

Product: vivo T4 Lite 5G Charger in the Box (Titanium Gold, 128 GB)
Old Price: â‚¹12999.0
New Price: â‚¹9999.0
Drop: 23.08%

Check competitor site immediately."
2025-10-07 21:30:03,Price Drop,"Price Drop Alert ðŸš¨

Product: vivo T4 Lite 5G Charger in the Box (Titanium Gold, 128 GB)
Old Price: â‚¹12999.0
New Price: â‚¹9999.0
Drop: 23.08%

Check competitor site immediately."
2025-10-07 21:30:05,Price Drop,"Price Drop Alert ðŸš¨

Product: vivo T4 Lite 5G Charger in the Box (Titanium Gold, 128 GB)
Old Price: â‚¹12999.0
New Price: â‚¹9999.0
Drop: 23.08%

Check competitor site immediately."
2025-10-07 21:30:07,Price Drop,"Price Drop Alert ðŸš¨

Product: vivo T4 Lite 5G Charger in the Box (Titanium Gold, 128 GB)
Old Price: â‚¹12999.0
New Price: â‚¹9999.0
Drop: 23.08%

Check competitor site immediately."
2025-10-07 21:30:09,Price Drop,"Price Drop Alert ðŸš¨

Product: realme C61 (Safari Green, 64 GB)
Old Price: â‚¹8199.0
New Price: â‚¹6099.0
Drop: 25.61%

Check competitor site immediately."
2025-10-07 21:30:11,Price Drop,"Price Drop Alert ðŸš¨

Product: Samsung Galaxy S24 FE 5G (Graphite, 128 GB)
Old Price: â‚¹33999.0
New Price: â‚¹29999.0
Drop: 11.77%

Check competitor site immediately."
2025-10-07 21:30:12,Price Drop,"Price Drop Alert ðŸš¨

Product: Samsung Galaxy S24 FE 5G (Graphite, 128 GB)
Old Price: â‚¹33999.0
New Price: â‚¹29999.0
Drop: 11.77%

Check competitor site immediately."
2025-10-07 21:30:14,Price Drop,"Price Drop Alert ðŸš¨

Product: vivo T4 Lite 5G Charger in the Box (Titanium Gold, 128 GB)
Old Price: â‚¹12999.0
New Price: â‚¹9999.0
Drop: 23.08%

Check competitor site immediately."
2025-10-07 21:30:17,Price Drop,"Price Drop Alert ðŸš¨

Product: vivo T4 Lite 5G Charger in the Box (Titanium Gold, 128 GB)
Old Price: â‚¹12999.0
New Price: â‚¹9999.0
Drop: 23.08%

Check competitor site immediately."
2025-10-07 21:30:19,Price Drop,"Price Drop Alert ðŸš¨

Product: vivo T4 Lite 5G Charger in the Box (Titanium Gold, 128 GB)
Old Price: â‚¹12999.0
New Price: â‚¹9999.0
Drop: 23.08%

Check competitor site immediately."
2025-10-07 21:30:22,Price Drop,"Price Drop Alert ðŸš¨

Product: vivo T4 Lite 5G Charger in the Box (Titanium Gold, 128 GB)
Old Price: â‚¹12999.0
New Price: â‚¹9999.0
Drop: 23.08%

Check competitor site immediately."
